CustomerID,CustomerName,Segment,SignupDate,EmailDomain
C00001,Customer 00001,Home Office,2024-12-09,yahoo.com
C00002,Customer 00002,Corporate,2023-04-27,gmail.com
C00003,Customer 00003,Consumer,2023-03-27,gmail.com
C00004,Customer 00004,Home Office,2022-09-23,gmail.com
C00005,Customer 00005,Corporate,2024-11-30,gmail.com
C00006,Customer 00006,Home Office,2020-04-05,company.com
C00007,Customer 00007,Corporate,2020-07-22,yahoo.com
C00008,Customer 00008,Home Office,2022-07-17,company.com
C00009,Customer 00009,Corporate,2022-05-14,company.com
C00010,Customer 00010,Home Office,2023-04-10,gmail.com
C00011,Customer 00011,Home Office,2024-06-05,yahoo.com
C00012,Customer 00012,Consumer,2023-07-11,gmail.com
C00013,Customer 00013,Corporate,2021-07-18,company.com
C00014,Customer 00014,Corporate,2021-12-18,outlook.com
C00015,Customer 00015,Home Office,2024-07-07,yahoo.com
C00016,Customer 00016,Home Office,2021-03-17,outlook.com
C00017,Customer 00017,Home Office,2023-01-10,company.com
C00018,Customer 00018,Corporate,2023-03-27,outlook.com
C00019,Customer 00019,Corporate,2024-07-02,company.com
C00020,Customer 00020,Corporate,2024-04-14,yahoo.com
C00021,Customer 00021,Home Office,2022-10-15,company.com
C00022,Customer 00022,Consumer,2021-11-08,outlook.com
C00023,Customer 00023,Corporate,2022-03-17,outlook.com
C00024,Customer 00024,Consumer,2022-06-21,company.com
C00025,Customer 00025,Home Office,2021-04-25,outlook.com
C00026,Customer 00026,Corporate,2023-10-02,gmail.com
C00027,Customer 00027,Corporate,2021-04-01,outlook.com
C00028,Customer 00028,Corporate,2023-11-22,gmail.com
C00029,Customer 00029,Corporate,2024-07-05,gmail.com
C00030,Customer 00030,Home Office,2025-10-09,outlook.com
C00031,Customer 00031,Corporate,2020-09-17,yahoo.com
C00032,Customer 00032,Corporate,2024-07-23,yahoo.com
C00033,Customer 00033,Consumer,2020-07-07,outlook.com
C00034,Customer 00034,Consumer,2022-01-09,outlook.com
C00035,Customer 00035,Corporate,2021-01-21,gmail.com
C00036,Customer 00036,Home Office,2020-12-21,yahoo.com
C00037,Customer 00037,Home Office,2021-01-19,gmail.com
C00038,Customer 00038,Corporate,2020-04-06,yahoo.com
C00039,Customer 00039,Corporate,2024-12-09,yahoo.com
C00040,Customer 00040,Corporate,2020-05-13,company.com
C00041,Customer 00041,Consumer,2022-05-23,outlook.com
C00042,Customer 00042,Consumer,2024-03-12,yahoo.com
C00043,Customer 00043,Corporate,2025-12-10,company.com
C00044,Customer 00044,Consumer,2025-02-14,company.com
C00045,Customer 00045,Consumer,2020-10-27,yahoo.com
C00046,Customer 00046,Consumer,2025-12-05,yahoo.com
C00047,Customer 00047,Consumer,2023-12-03,gmail.com
C00048,Customer 00048,Corporate,2021-01-28,yahoo.com
C00049,Customer 00049,Home Office,2022-09-10,yahoo.com
C00050,Customer 00050,Home Office,2025-07-04,gmail.com
C00051,Customer 00051,Corporate,2022-05-11,outlook.com
C00052,Customer 00052,Corporate,2021-02-06,yahoo.com
C00053,Customer 00053,Consumer,2025-04-02,gmail.com
C00054,Customer 00054,Consumer,2025-09-19,outlook.com
C00055,Customer 00055,Corporate,2025-11-08,company.com
C00056,Customer 00056,Corporate,2025-09-25,company.com
C00057,Customer 00057,Consumer,2025-03-28,yahoo.com
C00058,Customer 00058,Corporate,2022-09-23,gmail.com
C00059,Customer 00059,Consumer,2021-02-25,outlook.com
C00060,Customer 00060,Consumer,2023-09-14,yahoo.com
C00061,Customer 00061,Home Office,2021-04-28,company.com
C00062,Customer 00062,Corporate,2022-11-03,gmail.com
C00063,Customer 00063,Corporate,2023-12-09,outlook.com
C00064,Customer 00064,Home Office,2025-09-05,outlook.com
C00065,Customer 00065,Home Office,2021-09-25,company.com
C00066,Customer 00066,Home Office,2021-07-06,outlook.com
C00067,Customer 00067,Corporate,2024-05-29,company.com
C00068,Customer 00068,Home Office,2020-01-15,outlook.com
C00069,Customer 00069,Corporate,2023-05-26,company.com
C00070,Customer 00070,Home Office,2024-06-23,gmail.com
C00071,Customer 00071,Home Office,2023-04-22,company.com
C00072,Customer 00072,Corporate,2022-04-21,yahoo.com
C00073,Customer 00073,Home Office,2024-12-21,gmail.com
C00074,Customer 00074,Corporate,2022-03-24,outlook.com
C00075,Customer 00075,Home Office,2024-04-06,company.com
C00076,Customer 00076,Consumer,2022-10-14,company.com
C00077,Customer 00077,Home Office,2020-02-28,company.com
C00078,Customer 00078,Corporate,2023-03-08,company.com
C00079,Customer 00079,Home Office,2020-04-18,company.com
C00080,Customer 00080,Corporate,2025-08-02,company.com
C00081,Customer 00081,Home Office,2023-08-11,gmail.com
C00082,Customer 00082,Consumer,2022-03-26,yahoo.com
C00083,Customer 00083,Consumer,2022-12-01,outlook.com
C00084,Customer 00084,Corporate,2023-09-19,gmail.com
C00085,Customer 00085,Home Office,2021-07-24,outlook.com
C00086,Customer 00086,Home Office,2021-09-24,outlook.com
C00087,Customer 00087,Corporate,2022-07-06,gmail.com
C00088,Customer 00088,Corporate,2021-07-20,yahoo.com
C00089,Customer 00089,Corporate,2024-07-19,gmail.com
C00090,Customer 00090,Home Office,2020-08-15,outlook.com
C00091,Customer 00091,Corporate,2024-12-16,outlook.com
C00092,Customer 00092,Corporate,2022-02-02,yahoo.com
C00093,Customer 00093,Home Office,2023-05-15,company.com
C00094,Customer 00094,Consumer,2020-12-11,yahoo.com
C00095,Customer 00095,Home Office,2022-04-24,gmail.com
C00096,Customer 00096,Consumer,2024-07-12,yahoo.com
C00097,Customer 00097,Consumer,2021-08-16,yahoo.com
C00098,Customer 00098,Home Office,2020-10-16,outlook.com
C00099,Customer 00099,Home Office,2023-02-18,company.com
C00100,Customer 00100,Home Office,2020-12-22,gmail.com
C00101,Customer 00101,Home Office,2021-11-20,yahoo.com
C00102,Customer 00102,Corporate,2022-09-14,yahoo.com
C00103,Customer 00103,Corporate,2023-05-21,outlook.com
C00104,Customer 00104,Consumer,2023-11-02,company.com
C00105,Customer 00105,Consumer,2024-01-23,outlook.com
C00106,Customer 00106,Consumer,2025-01-24,gmail.com
C00107,Customer 00107,Consumer,2020-05-24,company.com
C00108,Customer 00108,Corporate,2022-03-05,company.com
C00109,Customer 00109,Home Office,2020-01-03,yahoo.com
C00110,Customer 00110,Home Office,2020-01-21,yahoo.com
C00111,Customer 00111,Corporate,2021-04-10,outlook.com
C00112,Customer 00112,Home Office,2023-08-04,yahoo.com
C00113,Customer 00113,Home Office,2025-05-14,company.com
C00114,Customer 00114,Home Office,2024-08-22,company.com
C00115,Customer 00115,Corporate,2023-11-17,company.com
C00116,Customer 00116,Consumer,2024-09-01,yahoo.com
C00117,Customer 00117,Home Office,2021-01-11,company.com
C00118,Customer 00118,Consumer,2025-01-14,gmail.com
C00119,Customer 00119,Corporate,2025-05-05,gmail.com
C00120,Customer 00120,Consumer,2020-07-27,outlook.com
C00121,Customer 00121,Home Office,2022-10-27,company.com
C00122,Customer 00122,Corporate,2024-12-24,company.com
C00123,Customer 00123,Consumer,2022-11-09,outlook.com
C00124,Customer 00124,Consumer,2025-01-16,company.com
C00125,Customer 00125,Corporate,2025-08-12,yahoo.com
C00126,Customer 00126,Corporate,2022-11-06,outlook.com
C00127,Customer 00127,Home Office,2020-05-10,outlook.com
C00128,Customer 00128,Consumer,2022-01-15,company.com
C00129,Customer 00129,Home Office,2021-04-16,outlook.com
C00130,Customer 00130,Corporate,2022-11-05,yahoo.com
C00131,Customer 00131,Home Office,2023-07-08,yahoo.com
C00132,Customer 00132,Consumer,2022-10-13,company.com
C00133,Customer 00133,Consumer,2021-03-04,outlook.com
C00134,Customer 00134,Consumer,2021-10-22,company.com
C00135,Customer 00135,Corporate,2024-01-29,gmail.com
C00136,Customer 00136,Home Office,2020-02-29,outlook.com
C00137,Customer 00137,Consumer,2021-04-14,gmail.com
C00138,Customer 00138,Corporate,2025-05-10,gmail.com
C00139,Customer 00139,Consumer,2020-08-05,gmail.com
C00140,Customer 00140,Home Office,2022-06-28,company.com
C00141,Customer 00141,Home Office,2021-03-29,gmail.com
C00142,Customer 00142,Home Office,2020-08-17,company.com
C00143,Customer 00143,Home Office,2022-07-15,outlook.com
C00144,Customer 00144,Corporate,2023-02-17,outlook.com
C00145,Customer 00145,Home Office,2021-01-21,yahoo.com
C00146,Customer 00146,Consumer,2020-06-19,company.com
C00147,Customer 00147,Home Office,2020-10-22,company.com
C00148,Customer 00148,Home Office,2023-11-29,company.com
C00149,Customer 00149,Home Office,2025-02-28,gmail.com
C00150,Customer 00150,Corporate,2021-01-30,gmail.com
C00151,Customer 00151,Home Office,2021-12-03,company.com
C00152,Customer 00152,Corporate,2022-01-23,yahoo.com
C00153,Customer 00153,Consumer,2022-03-01,gmail.com
C00154,Customer 00154,Home Office,2021-06-19,gmail.com
C00155,Customer 00155,Consumer,2020-05-01,yahoo.com
C00156,Customer 00156,Consumer,2023-02-25,yahoo.com
C00157,Customer 00157,Corporate,2022-02-22,gmail.com
C00158,Customer 00158,Consumer,2022-01-20,outlook.com
C00159,Customer 00159,Home Office,2021-08-03,company.com
C00160,Customer 00160,Corporate,2025-07-30,gmail.com
C00161,Customer 00161,Consumer,2023-08-31,outlook.com
C00162,Customer 00162,Home Office,2022-07-06,outlook.com
C00163,Customer 00163,Corporate,2021-03-26,company.com
C00164,Customer 00164,Consumer,2024-10-22,outlook.com
C00165,Customer 00165,Home Office,2025-05-01,outlook.com
C00166,Customer 00166,Corporate,2020-03-11,outlook.com
C00167,Customer 00167,Consumer,2025-07-30,yahoo.com
C00168,Customer 00168,Home Office,2024-03-13,gmail.com
C00169,Customer 00169,Corporate,2020-08-06,gmail.com
C00170,Customer 00170,Home Office,2024-07-08,gmail.com
C00171,Customer 00171,Home Office,2020-08-23,yahoo.com
C00172,Customer 00172,Corporate,2020-04-21,yahoo.com
C00173,Customer 00173,Home Office,2020-09-09,company.com
C00174,Customer 00174,Consumer,2022-10-04,gmail.com
C00175,Customer 00175,Consumer,2023-09-20,yahoo.com
C00176,Customer 00176,Corporate,2022-06-11,outlook.com
C00177,Customer 00177,Home Office,2020-09-24,yahoo.com
C00178,Customer 00178,Corporate,2021-03-12,outlook.com
C00179,Customer 00179,Corporate,2025-02-11,yahoo.com
C00180,Customer 00180,Home Office,2025-10-11,yahoo.com
C00181,Customer 00181,Home Office,2024-07-11,gmail.com
C00182,Customer 00182,Home Office,2020-08-14,company.com
C00183,Customer 00183,Consumer,2024-12-02,outlook.com
C00184,Customer 00184,Home Office,2024-02-25,outlook.com
C00185,Customer 00185,Corporate,2023-02-27,outlook.com
C00186,Customer 00186,Corporate,2020-11-09,company.com
C00187,Customer 00187,Corporate,2025-12-24,outlook.com
C00188,Customer 00188,Consumer,2022-08-28,company.com
C00189,Customer 00189,Consumer,2020-04-06,company.com
C00190,Customer 00190,Corporate,2021-04-05,yahoo.com
C00191,Customer 00191,Home Office,2022-05-29,yahoo.com
C00192,Customer 00192,Home Office,2020-05-16,gmail.com
C00193,Customer 00193,Consumer,2021-12-11,yahoo.com
C00194,Customer 00194,Home Office,2022-10-23,gmail.com
C00195,Customer 00195,Consumer,2025-09-10,company.com
C00196,Customer 00196,Home Office,2020-07-08,outlook.com
C00197,Customer 00197,Corporate,2023-06-18,company.com
C00198,Customer 00198,Corporate,2025-06-30,company.com
C00199,Customer 00199,Home Office,2024-11-02,yahoo.com
C00200,Customer 00200,Corporate,2025-07-20,outlook.com
C00201,Customer 00201,Home Office,2021-01-08,yahoo.com
C00202,Customer 00202,Corporate,2024-10-22,outlook.com
C00203,Customer 00203,Home Office,2025-11-15,gmail.com
C00204,Customer 00204,Corporate,2021-12-15,outlook.com
C00205,Customer 00205,Consumer,2022-12-29,company.com
C00206,Customer 00206,Home Office,2023-03-09,company.com
C00207,Customer 00207,Corporate,2022-12-18,yahoo.com
C00208,Customer 00208,Corporate,2021-09-27,gmail.com
C00209,Customer 00209,Consumer,2025-10-29,outlook.com
C00210,Customer 00210,Consumer,2025-09-27,yahoo.com
C00211,Customer 00211,Corporate,2022-04-14,outlook.com
C00212,Customer 00212,Consumer,2024-10-31,gmail.com
C00213,Customer 00213,Home Office,2022-05-21,yahoo.com
C00214,Customer 00214,Home Office,2024-10-08,outlook.com
C00215,Customer 00215,Home Office,2023-07-05,yahoo.com
C00216,Customer 00216,Home Office,2022-10-27,yahoo.com
C00217,Customer 00217,Corporate,2020-10-07,yahoo.com
C00218,Customer 00218,Consumer,2023-12-05,company.com
C00219,Customer 00219,Corporate,2021-12-04,yahoo.com
C00220,Customer 00220,Corporate,2021-04-20,yahoo.com
C00221,Customer 00221,Home Office,2021-02-27,outlook.com
C00222,Customer 00222,Consumer,2025-11-22,gmail.com
C00223,Customer 00223,Corporate,2020-08-14,outlook.com
C00224,Customer 00224,Corporate,2024-10-16,company.com
C00225,Customer 00225,Consumer,2025-03-13,company.com
C00226,Customer 00226,Consumer,2020-03-09,gmail.com
C00227,Customer 00227,Corporate,2023-07-15,company.com
C00228,Customer 00228,Consumer,2023-06-19,gmail.com
C00229,Customer 00229,Consumer,2022-02-25,company.com
C00230,Customer 00230,Corporate,2024-01-01,company.com
C00231,Customer 00231,Consumer,2022-06-14,company.com
C00232,Customer 00232,Corporate,2022-08-21,outlook.com
C00233,Customer 00233,Consumer,2022-08-03,outlook.com
C00234,Customer 00234,Consumer,2024-10-21,company.com
C00235,Customer 00235,Corporate,2023-10-19,company.com
C00236,Customer 00236,Home Office,2022-04-10,yahoo.com
C00237,Customer 00237,Corporate,2025-07-24,outlook.com
C00238,Customer 00238,Home Office,2024-10-24,outlook.com
C00239,Customer 00239,Corporate,2025-08-06,outlook.com
C00240,Customer 00240,Corporate,2024-05-20,company.com
C00241,Customer 00241,Corporate,2022-05-08,gmail.com
C00242,Customer 00242,Home Office,2024-08-21,outlook.com
C00243,Customer 00243,Home Office,2021-12-22,gmail.com
C00244,Customer 00244,Home Office,2021-08-16,company.com
C00245,Customer 00245,Home Office,2022-09-15,yahoo.com
C00246,Customer 00246,Corporate,2025-10-25,yahoo.com
C00247,Customer 00247,Corporate,2023-05-29,outlook.com
C00248,Customer 00248,Home Office,2022-04-21,gmail.com
C00249,Customer 00249,Consumer,2022-10-09,gmail.com
C00250,Customer 00250,Corporate,2021-09-30,gmail.com
C00251,Customer 00251,Home Office,2023-12-14,yahoo.com
C00252,Customer 00252,Corporate,2022-02-07,yahoo.com
C00253,Customer 00253,Consumer,2023-04-30,company.com
C00254,Customer 00254,Corporate,2022-03-21,gmail.com
C00255,Customer 00255,Consumer,2021-12-04,gmail.com
C00256,Customer 00256,Home Office,2025-10-27,yahoo.com
C00257,Customer 00257,Home Office,2022-01-27,outlook.com
C00258,Customer 00258,Consumer,2020-06-03,gmail.com
C00259,Customer 00259,Corporate,2022-04-09,gmail.com
C00260,Customer 00260,Home Office,2023-03-12,outlook.com
C00261,Customer 00261,Home Office,2020-07-26,company.com
C00262,Customer 00262,Consumer,2021-11-01,yahoo.com
C00263,Customer 00263,Corporate,2020-12-30,outlook.com
C00264,Customer 00264,Corporate,2023-01-02,company.com
C00265,Customer 00265,Corporate,2024-05-04,gmail.com
C00266,Customer 00266,Consumer,2025-10-23,gmail.com
C00267,Customer 00267,Consumer,2022-05-02,gmail.com
C00268,Customer 00268,Home Office,2025-03-07,yahoo.com
C00269,Customer 00269,Consumer,2021-04-15,company.com
C00270,Customer 00270,Consumer,2024-09-06,yahoo.com
C00271,Customer 00271,Consumer,2023-05-18,gmail.com
C00272,Customer 00272,Consumer,2024-07-19,gmail.com
C00273,Customer 00273,Consumer,2024-07-14,yahoo.com
C00274,Customer 00274,Corporate,2023-03-13,gmail.com
C00275,Customer 00275,Home Office,2021-07-18,gmail.com
C00276,Customer 00276,Consumer,2023-02-27,company.com
C00277,Customer 00277,Consumer,2024-12-17,company.com
C00278,Customer 00278,Consumer,2025-10-28,gmail.com
C00279,Customer 00279,Corporate,2025-07-26,outlook.com
C00280,Customer 00280,Consumer,2021-02-01,company.com
C00281,Customer 00281,Home Office,2023-08-02,outlook.com
C00282,Customer 00282,Corporate,2020-08-17,outlook.com
C00283,Customer 00283,Home Office,2024-01-06,gmail.com
C00284,Customer 00284,Corporate,2025-12-15,outlook.com
C00285,Customer 00285,Corporate,2020-04-25,yahoo.com
C00286,Customer 00286,Home Office,2023-12-10,company.com
C00287,Customer 00287,Corporate,2025-09-03,yahoo.com
C00288,Customer 00288,Home Office,2025-01-31,gmail.com
C00289,Customer 00289,Home Office,2022-05-10,gmail.com
C00290,Customer 00290,Corporate,2020-08-15,company.com
C00291,Customer 00291,Home Office,2025-07-18,gmail.com
C00292,Customer 00292,Consumer,2025-07-12,company.com
C00293,Customer 00293,Home Office,2023-06-23,yahoo.com
C00294,Customer 00294,Home Office,2025-11-15,outlook.com
C00295,Customer 00295,Home Office,2020-01-11,company.com
C00296,Customer 00296,Consumer,2023-09-13,company.com
C00297,Customer 00297,Home Office,2020-03-25,gmail.com
C00298,Customer 00298,Corporate,2025-08-13,yahoo.com
C00299,Customer 00299,Consumer,2024-01-31,gmail.com
C00300,Customer 00300,Consumer,2025-06-25,yahoo.com
C00301,Customer 00301,Corporate,2023-05-18,company.com
C00302,Customer 00302,Consumer,2020-07-01,gmail.com
C00303,Customer 00303,Consumer,2020-02-28,company.com
C00304,Customer 00304,Corporate,2022-01-05,gmail.com
C00305,Customer 00305,Corporate,2024-06-17,company.com
C00306,Customer 00306,Consumer,2020-11-27,yahoo.com
C00307,Customer 00307,Home Office,2025-02-10,yahoo.com
C00308,Customer 00308,Home Office,2021-06-08,yahoo.com
C00309,Customer 00309,Corporate,2022-12-24,outlook.com
C00310,Customer 00310,Home Office,2021-03-21,company.com
C00311,Customer 00311,Corporate,2022-10-17,outlook.com
C00312,Customer 00312,Consumer,2022-09-18,yahoo.com
C00313,Customer 00313,Consumer,2020-01-12,outlook.com
C00314,Customer 00314,Home Office,2023-05-29,yahoo.com
C00315,Customer 00315,Home Office,2024-09-20,outlook.com
C00316,Customer 00316,Home Office,2025-08-14,company.com
C00317,Customer 00317,Consumer,2021-12-25,gmail.com
C00318,Customer 00318,Consumer,2025-04-14,company.com
C00319,Customer 00319,Consumer,2025-04-10,gmail.com
C00320,Customer 00320,Consumer,2025-12-06,gmail.com
C00321,Customer 00321,Consumer,2022-03-28,outlook.com
C00322,Customer 00322,Corporate,2025-02-08,outlook.com
C00323,Customer 00323,Consumer,2023-05-23,company.com
C00324,Customer 00324,Home Office,2020-05-07,outlook.com
C00325,Customer 00325,Corporate,2021-08-15,gmail.com
C00326,Customer 00326,Consumer,2024-01-13,outlook.com
C00327,Customer 00327,Corporate,2020-12-18,outlook.com
C00328,Customer 00328,Home Office,2022-08-10,company.com
C00329,Customer 00329,Consumer,2024-08-25,company.com
C00330,Customer 00330,Consumer,2020-11-24,gmail.com
C00331,Customer 00331,Consumer,2022-12-24,company.com
C00332,Customer 00332,Home Office,2021-04-15,company.com
C00333,Customer 00333,Consumer,2023-03-21,yahoo.com
C00334,Customer 00334,Corporate,2021-06-11,company.com
C00335,Customer 00335,Corporate,2025-10-17,yahoo.com
C00336,Customer 00336,Home Office,2020-06-17,gmail.com
C00337,Customer 00337,Consumer,2025-10-13,company.com
C00338,Customer 00338,Home Office,2024-10-01,gmail.com
C00339,Customer 00339,Home Office,2025-02-18,gmail.com
C00340,Customer 00340,Corporate,2025-02-09,yahoo.com
C00341,Customer 00341,Consumer,2021-02-15,outlook.com
C00342,Customer 00342,Home Office,2025-08-02,company.com
C00343,Customer 00343,Consumer,2023-07-26,company.com
C00344,Customer 00344,Corporate,2025-10-10,company.com
C00345,Customer 00345,Corporate,2025-04-08,gmail.com
C00346,Customer 00346,Consumer,2023-06-24,gmail.com
C00347,Customer 00347,Corporate,2022-03-31,gmail.com
C00348,Customer 00348,Consumer,2020-09-14,yahoo.com
C00349,Customer 00349,Consumer,2020-08-09,gmail.com
C00350,Customer 00350,Consumer,2022-05-04,company.com
C00351,Customer 00351,Consumer,2024-11-12,outlook.com
C00352,Customer 00352,Corporate,2023-01-12,gmail.com
C00353,Customer 00353,Home Office,2022-11-22,outlook.com
C00354,Customer 00354,Consumer,2021-06-19,gmail.com
C00355,Customer 00355,Consumer,2023-05-22,gmail.com
C00356,Customer 00356,Consumer,2023-10-30,gmail.com
C00357,Customer 00357,Corporate,2025-11-22,yahoo.com
C00358,Customer 00358,Consumer,2024-05-17,company.com
C00359,Customer 00359,Corporate,2023-08-24,yahoo.com
C00360,Customer 00360,Consumer,2025-06-17,outlook.com
C00361,Customer 00361,Consumer,2022-07-20,gmail.com
C00362,Customer 00362,Corporate,2025-08-11,company.com
C00363,Customer 00363,Corporate,2022-03-22,yahoo.com
C00364,Customer 00364,Corporate,2020-10-07,company.com
C00365,Customer 00365,Home Office,2022-07-04,gmail.com
C00366,Customer 00366,Corporate,2020-10-09,outlook.com
C00367,Customer 00367,Home Office,2020-09-16,yahoo.com
C00368,Customer 00368,Corporate,2025-04-15,company.com
C00369,Customer 00369,Consumer,2024-10-08,yahoo.com
C00370,Customer 00370,Consumer,2021-04-29,company.com
C00371,Customer 00371,Consumer,2025-01-10,gmail.com
C00372,Customer 00372,Corporate,2020-05-31,yahoo.com
C00373,Customer 00373,Consumer,2021-09-15,yahoo.com
C00374,Customer 00374,Home Office,2024-03-27,company.com
C00375,Customer 00375,Corporate,2021-10-27,yahoo.com
C00376,Customer 00376,Home Office,2024-05-20,gmail.com
C00377,Customer 00377,Home Office,2025-03-31,yahoo.com
C00378,Customer 00378,Corporate,2020-05-24,gmail.com
C00379,Customer 00379,Consumer,2020-02-22,yahoo.com
C00380,Customer 00380,Home Office,2025-08-22,gmail.com
C00381,Customer 00381,Consumer,2023-02-14,company.com
C00382,Customer 00382,Consumer,2023-01-15,yahoo.com
C00383,Customer 00383,Home Office,2022-10-13,gmail.com
C00384,Customer 00384,Corporate,2022-08-08,gmail.com
C00385,Customer 00385,Consumer,2024-02-21,yahoo.com
C00386,Customer 00386,Corporate,2023-06-24,gmail.com
C00387,Customer 00387,Corporate,2020-12-24,company.com
C00388,Customer 00388,Home Office,2023-10-05,yahoo.com
C00389,Customer 00389,Home Office,2024-01-04,company.com
C00390,Customer 00390,Consumer,2020-09-06,outlook.com
C00391,Customer 00391,Consumer,2022-04-05,outlook.com
C00392,Customer 00392,Corporate,2024-09-28,company.com
C00393,Customer 00393,Consumer,2023-09-18,company.com
C00394,Customer 00394,Consumer,2020-10-25,company.com
C00395,Customer 00395,Consumer,2020-03-28,gmail.com
C00396,Customer 00396,Consumer,2023-06-28,company.com
C00397,Customer 00397,Home Office,2022-10-09,company.com
C00398,Customer 00398,Consumer,2025-10-07,company.com
C00399,Customer 00399,Consumer,2023-02-18,gmail.com
C00400,Customer 00400,Home Office,2025-08-03,company.com
C00401,Customer 00401,Consumer,2021-04-14,company.com
C00402,Customer 00402,Home Office,2022-09-07,gmail.com
C00403,Customer 00403,Consumer,2020-11-02,yahoo.com
C00404,Customer 00404,Consumer,2023-06-12,company.com
C00405,Customer 00405,Consumer,2021-02-17,outlook.com
C00406,Customer 00406,Home Office,2022-12-15,company.com
C00407,Customer 00407,Corporate,2022-01-24,company.com
C00408,Customer 00408,Corporate,2021-02-11,company.com
C00409,Customer 00409,Consumer,2020-07-31,outlook.com
C00410,Customer 00410,Consumer,2023-01-27,yahoo.com
C00411,Customer 00411,Corporate,2025-09-07,yahoo.com
C00412,Customer 00412,Consumer,2021-03-11,gmail.com
C00413,Customer 00413,Corporate,2022-06-06,company.com
C00414,Customer 00414,Home Office,2021-05-07,gmail.com
C00415,Customer 00415,Home Office,2024-11-08,outlook.com
C00416,Customer 00416,Corporate,2022-06-28,yahoo.com
C00417,Customer 00417,Consumer,2025-11-05,gmail.com
C00418,Customer 00418,Consumer,2021-06-21,outlook.com
C00419,Customer 00419,Home Office,2020-06-25,gmail.com
C00420,Customer 00420,Corporate,2023-06-30,company.com
C00421,Customer 00421,Corporate,2023-11-29,outlook.com
C00422,Customer 00422,Corporate,2025-12-11,company.com
C00423,Customer 00423,Consumer,2025-03-25,yahoo.com
C00424,Customer 00424,Home Office,2025-04-22,company.com
C00425,Customer 00425,Home Office,2023-10-22,company.com
C00426,Customer 00426,Home Office,2022-02-27,gmail.com
C00427,Customer 00427,Home Office,2022-07-29,gmail.com
C00428,Customer 00428,Consumer,2020-10-20,yahoo.com
C00429,Customer 00429,Consumer,2022-08-02,yahoo.com
C00430,Customer 00430,Consumer,2022-03-09,company.com
C00431,Customer 00431,Home Office,2020-03-19,outlook.com
C00432,Customer 00432,Corporate,2021-03-24,gmail.com
C00433,Customer 00433,Corporate,2023-03-17,yahoo.com
C00434,Customer 00434,Home Office,2022-03-20,yahoo.com
C00435,Customer 00435,Corporate,2025-12-17,gmail.com
C00436,Customer 00436,Home Office,2022-11-14,company.com
C00437,Customer 00437,Home Office,2025-10-02,company.com
C00438,Customer 00438,Consumer,2023-12-19,outlook.com
C00439,Customer 00439,Corporate,2020-03-29,yahoo.com
C00440,Customer 00440,Home Office,2021-03-21,gmail.com
C00441,Customer 00441,Home Office,2024-03-27,outlook.com
C00442,Customer 00442,Consumer,2023-04-09,gmail.com
C00443,Customer 00443,Consumer,2021-10-23,company.com
C00444,Customer 00444,Corporate,2023-02-18,company.com
C00445,Customer 00445,Home Office,2025-06-02,yahoo.com
C00446,Customer 00446,Consumer,2022-05-02,company.com
C00447,Customer 00447,Corporate,2020-04-08,gmail.com
C00448,Customer 00448,Consumer,2021-11-12,outlook.com
C00449,Customer 00449,Consumer,2025-08-13,gmail.com
C00450,Customer 00450,Corporate,2024-07-27,company.com
C00451,Customer 00451,Corporate,2025-01-09,company.com
C00452,Customer 00452,Corporate,2025-06-21,yahoo.com
C00453,Customer 00453,Consumer,2020-09-14,outlook.com
C00454,Customer 00454,Home Office,2021-09-11,outlook.com
C00455,Customer 00455,Consumer,2020-05-11,gmail.com
C00456,Customer 00456,Home Office,2020-01-11,outlook.com
C00457,Customer 00457,Consumer,2025-01-03,outlook.com
C00458,Customer 00458,Home Office,2025-08-15,yahoo.com
C00459,Customer 00459,Corporate,2020-12-07,yahoo.com
C00460,Customer 00460,Corporate,2024-05-01,gmail.com
C00461,Customer 00461,Consumer,2023-03-18,outlook.com
C00462,Customer 00462,Home Office,2020-05-31,company.com
C00463,Customer 00463,Consumer,2025-06-30,outlook.com
C00464,Customer 00464,Corporate,2025-03-24,gmail.com
C00465,Customer 00465,Home Office,2023-05-28,yahoo.com
C00466,Customer 00466,Home Office,2024-03-31,company.com
C00467,Customer 00467,Home Office,2022-05-20,company.com
C00468,Customer 00468,Consumer,2024-10-03,outlook.com
C00469,Customer 00469,Home Office,2022-09-02,yahoo.com
C00470,Customer 00470,Home Office,2025-12-08,gmail.com
C00471,Customer 00471,Consumer,2020-05-18,outlook.com
C00472,Customer 00472,Consumer,2021-01-12,yahoo.com
C00473,Customer 00473,Home Office,2025-10-24,yahoo.com
C00474,Customer 00474,Consumer,2021-09-25,outlook.com
C00475,Customer 00475,Corporate,2021-11-11,company.com
C00476,Customer 00476,Consumer,2024-09-30,gmail.com
C00477,Customer 00477,Consumer,2021-02-19,gmail.com
C00478,Customer 00478,Home Office,2023-01-30,outlook.com
C00479,Customer 00479,Consumer,2021-09-19,yahoo.com
C00480,Customer 00480,Home Office,2021-03-09,company.com
C00481,Customer 00481,Home Office,2025-10-14,outlook.com
C00482,Customer 00482,Consumer,2021-03-14,outlook.com
C00483,Customer 00483,Consumer,2020-07-25,gmail.com
C00484,Customer 00484,Home Office,2024-01-17,outlook.com
C00485,Customer 00485,Corporate,2025-03-16,gmail.com
C00486,Customer 00486,Consumer,2020-10-06,gmail.com
C00487,Customer 00487,Home Office,2024-03-31,company.com
C00488,Customer 00488,Consumer,2023-03-31,gmail.com
C00489,Customer 00489,Consumer,2024-12-24,gmail.com
C00490,Customer 00490,Home Office,2020-10-05,company.com
C00491,Customer 00491,Consumer,2025-11-09,outlook.com
C00492,Customer 00492,Corporate,2023-09-19,outlook.com
C00493,Customer 00493,Home Office,2025-01-20,gmail.com
C00494,Customer 00494,Corporate,2022-03-04,gmail.com
C00495,Customer 00495,Corporate,2025-08-29,outlook.com
C00496,Customer 00496,Corporate,2023-10-04,company.com
C00497,Customer 00497,Consumer,2020-10-05,outlook.com
C00498,Customer 00498,Corporate,2025-07-16,company.com
C00499,Customer 00499,Home Office,2024-10-10,company.com
C00500,Customer 00500,Consumer,2021-10-20,outlook.com
C00501,Customer 00501,Home Office,2023-04-11,outlook.com
C00502,Customer 00502,Corporate,2022-04-30,outlook.com
C00503,Customer 00503,Corporate,2023-04-06,gmail.com
C00504,Customer 00504,Consumer,2025-10-17,company.com
C00505,Customer 00505,Corporate,2025-05-24,company.com
C00506,Customer 00506,Consumer,2021-04-17,outlook.com
C00507,Customer 00507,Consumer,2025-10-31,outlook.com
C00508,Customer 00508,Home Office,2022-08-17,outlook.com
C00509,Customer 00509,Consumer,2024-03-25,company.com
C00510,Customer 00510,Corporate,2024-08-02,yahoo.com
C00511,Customer 00511,Corporate,2022-11-24,gmail.com
C00512,Customer 00512,Consumer,2022-09-27,outlook.com
C00513,Customer 00513,Consumer,2022-09-27,gmail.com
C00514,Customer 00514,Corporate,2025-03-05,outlook.com
C00515,Customer 00515,Corporate,2022-04-26,gmail.com
C00516,Customer 00516,Home Office,2021-09-05,outlook.com
C00517,Customer 00517,Home Office,2022-03-03,outlook.com
C00518,Customer 00518,Consumer,2021-03-03,outlook.com
C00519,Customer 00519,Consumer,2022-05-08,outlook.com
C00520,Customer 00520,Consumer,2020-09-07,yahoo.com
C00521,Customer 00521,Corporate,2020-07-15,yahoo.com
C00522,Customer 00522,Consumer,2024-05-05,gmail.com
C00523,Customer 00523,Consumer,2020-06-18,outlook.com
C00524,Customer 00524,Home Office,2023-05-30,yahoo.com
C00525,Customer 00525,Home Office,2024-09-05,company.com
C00526,Customer 00526,Home Office,2024-05-07,gmail.com
C00527,Customer 00527,Consumer,2022-09-04,company.com
C00528,Customer 00528,Corporate,2021-02-28,gmail.com
C00529,Customer 00529,Corporate,2025-08-02,gmail.com
C00530,Customer 00530,Consumer,2025-01-04,company.com
C00531,Customer 00531,Corporate,2023-09-03,company.com
C00532,Customer 00532,Corporate,2020-07-09,yahoo.com
C00533,Customer 00533,Corporate,2020-03-18,outlook.com
C00534,Customer 00534,Home Office,2021-11-21,yahoo.com
C00535,Customer 00535,Home Office,2020-12-11,outlook.com
C00536,Customer 00536,Corporate,2025-02-28,company.com
C00537,Customer 00537,Home Office,2021-03-27,gmail.com
C00538,Customer 00538,Home Office,2021-09-11,gmail.com
C00539,Customer 00539,Corporate,2025-11-08,yahoo.com
C00540,Customer 00540,Consumer,2024-11-28,yahoo.com
C00541,Customer 00541,Home Office,2021-04-24,yahoo.com
C00542,Customer 00542,Home Office,2022-04-20,outlook.com
C00543,Customer 00543,Home Office,2023-02-04,gmail.com
C00544,Customer 00544,Consumer,2023-12-27,yahoo.com
C00545,Customer 00545,Corporate,2025-08-14,company.com
C00546,Customer 00546,Home Office,2025-03-24,gmail.com
C00547,Customer 00547,Corporate,2025-11-12,yahoo.com
C00548,Customer 00548,Home Office,2020-03-30,yahoo.com
C00549,Customer 00549,Consumer,2021-06-02,outlook.com
C00550,Customer 00550,Consumer,2023-05-19,yahoo.com
C00551,Customer 00551,Home Office,2020-04-17,yahoo.com
C00552,Customer 00552,Corporate,2022-02-17,company.com
C00553,Customer 00553,Corporate,2020-12-02,company.com
C00554,Customer 00554,Corporate,2025-08-06,outlook.com
C00555,Customer 00555,Corporate,2020-05-18,yahoo.com
C00556,Customer 00556,Home Office,2020-11-21,yahoo.com
C00557,Customer 00557,Consumer,2021-03-03,yahoo.com
C00558,Customer 00558,Home Office,2020-11-21,company.com
C00559,Customer 00559,Home Office,2023-05-31,gmail.com
C00560,Customer 00560,Corporate,2022-03-09,outlook.com
C00561,Customer 00561,Corporate,2025-06-23,outlook.com
C00562,Customer 00562,Consumer,2021-07-25,yahoo.com
C00563,Customer 00563,Home Office,2023-03-23,company.com
C00564,Customer 00564,Corporate,2023-12-17,company.com
C00565,Customer 00565,Consumer,2023-10-04,gmail.com
C00566,Customer 00566,Corporate,2024-10-11,yahoo.com
C00567,Customer 00567,Home Office,2021-03-18,outlook.com
C00568,Customer 00568,Consumer,2023-01-17,gmail.com
C00569,Customer 00569,Consumer,2024-10-20,yahoo.com
C00570,Customer 00570,Home Office,2025-03-06,gmail.com
C00571,Customer 00571,Consumer,2023-09-16,gmail.com
C00572,Customer 00572,Home Office,2023-11-29,gmail.com
C00573,Customer 00573,Home Office,2025-03-09,outlook.com
C00574,Customer 00574,Home Office,2023-10-01,gmail.com
C00575,Customer 00575,Home Office,2025-09-10,yahoo.com
C00576,Customer 00576,Consumer,2020-10-06,company.com
C00577,Customer 00577,Consumer,2022-02-01,outlook.com
C00578,Customer 00578,Corporate,2020-09-02,gmail.com
C00579,Customer 00579,Corporate,2020-07-17,outlook.com
C00580,Customer 00580,Home Office,2022-10-31,gmail.com
C00581,Customer 00581,Home Office,2021-05-10,yahoo.com
C00582,Customer 00582,Corporate,2022-06-11,outlook.com
C00583,Customer 00583,Home Office,2022-08-17,outlook.com
C00584,Customer 00584,Corporate,2023-09-23,gmail.com
C00585,Customer 00585,Corporate,2025-09-03,gmail.com
C00586,Customer 00586,Corporate,2025-02-04,gmail.com
C00587,Customer 00587,Corporate,2022-04-09,gmail.com
C00588,Customer 00588,Consumer,2021-12-14,company.com
C00589,Customer 00589,Home Office,2024-08-16,yahoo.com
C00590,Customer 00590,Corporate,2020-09-28,yahoo.com
C00591,Customer 00591,Home Office,2023-03-30,outlook.com
C00592,Customer 00592,Corporate,2022-07-16,yahoo.com
C00593,Customer 00593,Home Office,2021-02-04,company.com
C00594,Customer 00594,Home Office,2023-09-13,gmail.com
C00595,Customer 00595,Corporate,2021-12-04,gmail.com
C00596,Customer 00596,Corporate,2021-02-10,company.com
C00597,Customer 00597,Consumer,2023-12-02,outlook.com
C00598,Customer 00598,Home Office,2021-01-16,gmail.com
C00599,Customer 00599,Home Office,2024-01-14,yahoo.com
C00600,Customer 00600,Home Office,2020-12-21,company.com
C00601,Customer 00601,Home Office,2022-08-10,company.com
C00602,Customer 00602,Home Office,2024-11-06,yahoo.com
C00603,Customer 00603,Home Office,2021-05-16,yahoo.com
C00604,Customer 00604,Corporate,2024-08-09,yahoo.com
C00605,Customer 00605,Consumer,2024-05-01,outlook.com
C00606,Customer 00606,Consumer,2025-06-01,yahoo.com
C00607,Customer 00607,Consumer,2021-01-05,company.com
C00608,Customer 00608,Corporate,2024-04-16,company.com
C00609,Customer 00609,Home Office,2025-08-15,yahoo.com
C00610,Customer 00610,Corporate,2024-07-30,gmail.com
C00611,Customer 00611,Consumer,2021-02-15,outlook.com
C00612,Customer 00612,Consumer,2024-12-07,gmail.com
C00613,Customer 00613,Home Office,2020-08-23,outlook.com
C00614,Customer 00614,Home Office,2023-07-14,outlook.com
C00615,Customer 00615,Corporate,2022-12-26,yahoo.com
C00616,Customer 00616,Home Office,2023-03-10,yahoo.com
C00617,Customer 00617,Home Office,2023-02-12,outlook.com
C00618,Customer 00618,Home Office,2020-03-09,outlook.com
C00619,Customer 00619,Home Office,2023-01-18,company.com
C00620,Customer 00620,Corporate,2025-08-15,yahoo.com
C00621,Customer 00621,Corporate,2022-08-15,yahoo.com
C00622,Customer 00622,Corporate,2021-08-29,gmail.com
C00623,Customer 00623,Consumer,2025-12-20,gmail.com
C00624,Customer 00624,Corporate,2020-08-04,company.com
C00625,Customer 00625,Corporate,2022-12-01,outlook.com
C00626,Customer 00626,Corporate,2023-01-28,gmail.com
C00627,Customer 00627,Corporate,2022-11-13,gmail.com
C00628,Customer 00628,Corporate,2025-07-13,outlook.com
C00629,Customer 00629,Corporate,2022-07-13,outlook.com
C00630,Customer 00630,Consumer,2025-11-03,company.com
C00631,Customer 00631,Corporate,2020-05-26,gmail.com
C00632,Customer 00632,Corporate,2024-05-27,company.com
C00633,Customer 00633,Home Office,2023-07-23,company.com
C00634,Customer 00634,Corporate,2021-06-11,outlook.com
C00635,Customer 00635,Corporate,2021-05-14,gmail.com
C00636,Customer 00636,Consumer,2024-04-26,company.com
C00637,Customer 00637,Consumer,2023-10-29,company.com
C00638,Customer 00638,Corporate,2023-09-01,outlook.com
C00639,Customer 00639,Corporate,2020-04-21,outlook.com
C00640,Customer 00640,Corporate,2023-08-03,company.com
C00641,Customer 00641,Corporate,2025-11-21,outlook.com
C00642,Customer 00642,Home Office,2020-02-07,outlook.com
C00643,Customer 00643,Consumer,2022-10-25,outlook.com
C00644,Customer 00644,Consumer,2022-12-19,outlook.com
C00645,Customer 00645,Consumer,2025-05-19,company.com
C00646,Customer 00646,Consumer,2021-09-11,outlook.com
C00647,Customer 00647,Home Office,2022-11-08,outlook.com
C00648,Customer 00648,Consumer,2024-04-21,company.com
C00649,Customer 00649,Corporate,2020-05-12,outlook.com
C00650,Customer 00650,Consumer,2024-10-21,gmail.com
C00651,Customer 00651,Home Office,2024-12-07,yahoo.com
C00652,Customer 00652,Home Office,2024-04-26,gmail.com
C00653,Customer 00653,Consumer,2023-11-21,company.com
C00654,Customer 00654,Consumer,2024-06-26,outlook.com
C00655,Customer 00655,Consumer,2024-09-09,gmail.com
C00656,Customer 00656,Corporate,2025-06-03,gmail.com
C00657,Customer 00657,Home Office,2022-07-27,yahoo.com
C00658,Customer 00658,Corporate,2022-09-26,outlook.com
C00659,Customer 00659,Home Office,2023-10-30,outlook.com
C00660,Customer 00660,Corporate,2021-02-27,company.com
C00661,Customer 00661,Consumer,2025-02-19,gmail.com
C00662,Customer 00662,Corporate,2024-08-15,company.com
C00663,Customer 00663,Consumer,2023-10-15,outlook.com
C00664,Customer 00664,Home Office,2021-10-23,company.com
C00665,Customer 00665,Consumer,2022-02-01,gmail.com
C00666,Customer 00666,Corporate,2022-08-11,yahoo.com
C00667,Customer 00667,Corporate,2023-12-23,gmail.com
C00668,Customer 00668,Consumer,2024-09-01,company.com
C00669,Customer 00669,Corporate,2024-01-12,company.com
C00670,Customer 00670,Corporate,2025-07-31,outlook.com
C00671,Customer 00671,Consumer,2025-10-06,gmail.com
C00672,Customer 00672,Consumer,2024-03-25,outlook.com
C00673,Customer 00673,Consumer,2022-03-24,yahoo.com
C00674,Customer 00674,Consumer,2023-08-06,yahoo.com
C00675,Customer 00675,Corporate,2022-07-20,yahoo.com
C00676,Customer 00676,Consumer,2023-10-10,gmail.com
C00677,Customer 00677,Home Office,2024-11-15,company.com
C00678,Customer 00678,Consumer,2022-03-20,gmail.com
C00679,Customer 00679,Corporate,2023-01-13,company.com
C00680,Customer 00680,Home Office,2020-04-10,outlook.com
C00681,Customer 00681,Corporate,2024-06-02,company.com
C00682,Customer 00682,Home Office,2022-12-09,company.com
C00683,Customer 00683,Consumer,2022-10-04,yahoo.com
C00684,Customer 00684,Consumer,2023-03-13,outlook.com
C00685,Customer 00685,Consumer,2021-04-17,outlook.com
C00686,Customer 00686,Consumer,2023-08-03,company.com
C00687,Customer 00687,Consumer,2024-06-21,gmail.com
C00688,Customer 00688,Consumer,2022-02-05,gmail.com
C00689,Customer 00689,Home Office,2020-10-14,company.com
C00690,Customer 00690,Consumer,2022-04-27,yahoo.com
C00691,Customer 00691,Home Office,2021-03-11,company.com
C00692,Customer 00692,Home Office,2022-03-30,yahoo.com
C00693,Customer 00693,Home Office,2023-10-06,gmail.com
C00694,Customer 00694,Consumer,2020-09-05,outlook.com
C00695,Customer 00695,Home Office,2024-06-26,company.com
C00696,Customer 00696,Corporate,2021-05-07,outlook.com
C00697,Customer 00697,Home Office,2025-05-15,gmail.com
C00698,Customer 00698,Corporate,2024-05-24,gmail.com
C00699,Customer 00699,Home Office,2021-08-20,yahoo.com
C00700,Customer 00700,Corporate,2023-05-19,company.com
C00701,Customer 00701,Consumer,2020-08-30,outlook.com
C00702,Customer 00702,Corporate,2020-08-06,outlook.com
C00703,Customer 00703,Consumer,2025-09-26,gmail.com
C00704,Customer 00704,Home Office,2024-10-24,yahoo.com
C00705,Customer 00705,Consumer,2020-12-04,gmail.com
C00706,Customer 00706,Consumer,2021-09-11,yahoo.com
C00707,Customer 00707,Corporate,2021-03-09,gmail.com
C00708,Customer 00708,Corporate,2022-05-16,outlook.com
C00709,Customer 00709,Consumer,2021-09-30,outlook.com
C00710,Customer 00710,Home Office,2021-12-20,yahoo.com
C00711,Customer 00711,Home Office,2023-03-06,gmail.com
C00712,Customer 00712,Home Office,2021-02-18,outlook.com
C00713,Customer 00713,Corporate,2025-04-19,outlook.com
C00714,Customer 00714,Corporate,2024-05-14,outlook.com
C00715,Customer 00715,Corporate,2024-07-25,gmail.com
C00716,Customer 00716,Corporate,2021-01-06,yahoo.com
C00717,Customer 00717,Consumer,2024-04-01,outlook.com
C00718,Customer 00718,Consumer,2025-01-07,outlook.com
C00719,Customer 00719,Consumer,2021-01-18,outlook.com
C00720,Customer 00720,Corporate,2024-07-04,yahoo.com
C00721,Customer 00721,Consumer,2022-02-23,outlook.com
C00722,Customer 00722,Consumer,2024-09-22,outlook.com
C00723,Customer 00723,Home Office,2022-11-14,outlook.com
C00724,Customer 00724,Corporate,2024-10-24,outlook.com
C00725,Customer 00725,Corporate,2020-11-19,gmail.com
C00726,Customer 00726,Corporate,2022-05-02,company.com
C00727,Customer 00727,Home Office,2021-08-22,gmail.com
C00728,Customer 00728,Home Office,2021-06-28,gmail.com
C00729,Customer 00729,Consumer,2021-11-06,gmail.com
C00730,Customer 00730,Home Office,2022-04-18,outlook.com
C00731,Customer 00731,Corporate,2020-10-05,yahoo.com
C00732,Customer 00732,Home Office,2024-03-29,company.com
C00733,Customer 00733,Corporate,2023-04-21,yahoo.com
C00734,Customer 00734,Consumer,2024-12-22,outlook.com
C00735,Customer 00735,Home Office,2024-03-25,yahoo.com
C00736,Customer 00736,Consumer,2020-11-22,gmail.com
C00737,Customer 00737,Home Office,2020-06-02,company.com
C00738,Customer 00738,Consumer,2022-07-15,yahoo.com
C00739,Customer 00739,Consumer,2022-11-20,company.com
C00740,Customer 00740,Corporate,2021-06-10,yahoo.com
C00741,Customer 00741,Home Office,2024-09-10,outlook.com
C00742,Customer 00742,Corporate,2023-06-28,gmail.com
C00743,Customer 00743,Consumer,2024-06-27,yahoo.com
C00744,Customer 00744,Consumer,2020-08-26,gmail.com
C00745,Customer 00745,Home Office,2024-11-21,yahoo.com
C00746,Customer 00746,Home Office,2021-03-27,company.com
C00747,Customer 00747,Consumer,2022-09-09,yahoo.com
C00748,Customer 00748,Corporate,2022-08-21,outlook.com
C00749,Customer 00749,Consumer,2024-12-03,yahoo.com
C00750,Customer 00750,Consumer,2021-08-29,gmail.com
C00751,Customer 00751,Home Office,2021-06-11,outlook.com
C00752,Customer 00752,Corporate,2022-01-14,gmail.com
C00753,Customer 00753,Consumer,2022-03-01,yahoo.com
C00754,Customer 00754,Corporate,2021-02-02,company.com
C00755,Customer 00755,Corporate,2021-01-21,yahoo.com
C00756,Customer 00756,Consumer,2021-05-22,yahoo.com
C00757,Customer 00757,Corporate,2022-10-21,outlook.com
C00758,Customer 00758,Consumer,2022-01-22,gmail.com
C00759,Customer 00759,Consumer,2022-05-09,yahoo.com
C00760,Customer 00760,Home Office,2024-04-25,outlook.com
C00761,Customer 00761,Home Office,2021-06-12,gmail.com
C00762,Customer 00762,Consumer,2025-06-17,yahoo.com
C00763,Customer 00763,Home Office,2024-07-05,yahoo.com
C00764,Customer 00764,Corporate,2021-01-17,outlook.com
C00765,Customer 00765,Home Office,2021-11-18,yahoo.com
C00766,Customer 00766,Home Office,2021-02-06,gmail.com
C00767,Customer 00767,Corporate,2021-08-20,gmail.com
C00768,Customer 00768,Corporate,2022-03-12,outlook.com
C00769,Customer 00769,Corporate,2020-10-13,company.com
C00770,Customer 00770,Home Office,2020-02-01,gmail.com
C00771,Customer 00771,Consumer,2022-08-19,gmail.com
C00772,Customer 00772,Consumer,2024-03-16,company.com
C00773,Customer 00773,Consumer,2021-10-26,yahoo.com
C00774,Customer 00774,Consumer,2025-03-01,company.com
C00775,Customer 00775,Consumer,2022-03-20,yahoo.com
C00776,Customer 00776,Consumer,2025-05-28,yahoo.com
C00777,Customer 00777,Home Office,2021-06-01,company.com
C00778,Customer 00778,Consumer,2023-03-28,company.com
C00779,Customer 00779,Home Office,2024-07-30,yahoo.com
C00780,Customer 00780,Consumer,2020-05-09,outlook.com
C00781,Customer 00781,Home Office,2025-07-31,gmail.com
C00782,Customer 00782,Consumer,2022-03-10,yahoo.com
C00783,Customer 00783,Corporate,2022-12-27,outlook.com
C00784,Customer 00784,Consumer,2023-10-09,yahoo.com
C00785,Customer 00785,Corporate,2023-11-10,outlook.com
C00786,Customer 00786,Corporate,2020-02-21,yahoo.com
C00787,Customer 00787,Corporate,2025-03-15,gmail.com
C00788,Customer 00788,Corporate,2023-09-28,company.com
C00789,Customer 00789,Corporate,2025-12-29,outlook.com
C00790,Customer 00790,Home Office,2022-10-30,outlook.com
C00791,Customer 00791,Corporate,2023-09-06,outlook.com
C00792,Customer 00792,Corporate,2022-08-24,yahoo.com
C00793,Customer 00793,Consumer,2025-05-04,outlook.com
C00794,Customer 00794,Corporate,2024-12-29,yahoo.com
C00795,Customer 00795,Consumer,2025-06-14,outlook.com
C00796,Customer 00796,Consumer,2023-01-10,gmail.com
C00797,Customer 00797,Home Office,2024-09-30,yahoo.com
C00798,Customer 00798,Consumer,2022-02-25,gmail.com
C00799,Customer 00799,Corporate,2022-10-07,outlook.com
C00800,Customer 00800,Home Office,2024-07-24,yahoo.com
C00801,Customer 00801,Home Office,2020-06-26,yahoo.com
C00802,Customer 00802,Consumer,2024-04-06,yahoo.com
C00803,Customer 00803,Consumer,2020-02-04,outlook.com
C00804,Customer 00804,Corporate,2023-06-26,yahoo.com
C00805,Customer 00805,Corporate,2022-11-12,outlook.com
C00806,Customer 00806,Home Office,2022-10-24,company.com
C00807,Customer 00807,Consumer,2022-12-19,company.com
C00808,Customer 00808,Consumer,2022-12-14,gmail.com
C00809,Customer 00809,Consumer,2022-06-11,outlook.com
C00810,Customer 00810,Home Office,2022-09-16,outlook.com
C00811,Customer 00811,Consumer,2023-05-30,outlook.com
C00812,Customer 00812,Corporate,2024-07-31,outlook.com
C00813,Customer 00813,Consumer,2023-04-25,company.com
C00814,Customer 00814,Consumer,2023-11-09,gmail.com
C00815,Customer 00815,Home Office,2025-01-07,gmail.com
C00816,Customer 00816,Consumer,2025-12-09,yahoo.com
C00817,Customer 00817,Consumer,2020-08-26,outlook.com
C00818,Customer 00818,Home Office,2024-04-11,company.com
C00819,Customer 00819,Corporate,2021-05-08,company.com
C00820,Customer 00820,Consumer,2021-03-07,company.com
C00821,Customer 00821,Corporate,2024-10-04,outlook.com
C00822,Customer 00822,Home Office,2020-05-30,outlook.com
C00823,Customer 00823,Corporate,2025-02-01,yahoo.com
C00824,Customer 00824,Corporate,2024-08-16,yahoo.com
C00825,Customer 00825,Corporate,2025-12-20,outlook.com
C00826,Customer 00826,Corporate,2024-01-04,company.com
C00827,Customer 00827,Consumer,2025-03-28,yahoo.com
C00828,Customer 00828,Home Office,2020-09-16,gmail.com
C00829,Customer 00829,Home Office,2025-05-04,yahoo.com
C00830,Customer 00830,Consumer,2020-12-17,outlook.com
C00831,Customer 00831,Home Office,2021-11-20,yahoo.com
C00832,Customer 00832,Home Office,2020-10-07,company.com
C00833,Customer 00833,Home Office,2022-05-30,yahoo.com
C00834,Customer 00834,Corporate,2024-06-29,gmail.com
C00835,Customer 00835,Corporate,2021-08-10,gmail.com
C00836,Customer 00836,Home Office,2024-12-07,yahoo.com
C00837,Customer 00837,Consumer,2023-08-22,company.com
C00838,Customer 00838,Home Office,2023-10-10,company.com
C00839,Customer 00839,Home Office,2025-08-19,gmail.com
C00840,Customer 00840,Home Office,2022-08-04,gmail.com
C00841,Customer 00841,Corporate,2022-01-25,yahoo.com
C00842,Customer 00842,Corporate,2025-12-20,outlook.com
C00843,Customer 00843,Consumer,2023-05-05,company.com
C00844,Customer 00844,Home Office,2023-09-09,outlook.com
C00845,Customer 00845,Corporate,2021-10-11,outlook.com
C00846,Customer 00846,Consumer,2021-04-17,gmail.com
C00847,Customer 00847,Home Office,2021-01-07,yahoo.com
C00848,Customer 00848,Corporate,2021-05-05,yahoo.com
C00849,Customer 00849,Corporate,2021-03-03,gmail.com
C00850,Customer 00850,Consumer,2024-06-24,outlook.com
C00851,Customer 00851,Home Office,2020-05-07,company.com
C00852,Customer 00852,Corporate,2023-10-11,outlook.com
C00853,Customer 00853,Home Office,2025-09-11,company.com
C00854,Customer 00854,Home Office,2024-08-05,outlook.com
C00855,Customer 00855,Consumer,2022-06-02,gmail.com
C00856,Customer 00856,Consumer,2020-05-10,outlook.com
C00857,Customer 00857,Home Office,2025-01-02,company.com
C00858,Customer 00858,Corporate,2020-01-07,gmail.com
C00859,Customer 00859,Corporate,2024-02-02,yahoo.com
C00860,Customer 00860,Consumer,2024-01-10,gmail.com
C00861,Customer 00861,Corporate,2021-02-24,gmail.com
C00862,Customer 00862,Home Office,2024-06-09,company.com
C00863,Customer 00863,Consumer,2021-01-19,company.com
C00864,Customer 00864,Corporate,2021-05-09,outlook.com
C00865,Customer 00865,Home Office,2024-11-14,outlook.com
C00866,Customer 00866,Consumer,2025-11-16,gmail.com
C00867,Customer 00867,Consumer,2021-08-03,company.com
C00868,Customer 00868,Home Office,2025-07-12,outlook.com
C00869,Customer 00869,Consumer,2025-06-24,gmail.com
C00870,Customer 00870,Corporate,2024-08-13,outlook.com
C00871,Customer 00871,Corporate,2020-11-03,yahoo.com
C00872,Customer 00872,Home Office,2021-10-18,outlook.com
C00873,Customer 00873,Consumer,2024-01-25,yahoo.com
C00874,Customer 00874,Corporate,2025-12-30,outlook.com
C00875,Customer 00875,Consumer,2024-11-20,gmail.com
C00876,Customer 00876,Home Office,2022-07-10,outlook.com
C00877,Customer 00877,Corporate,2021-05-30,outlook.com
C00878,Customer 00878,Corporate,2025-10-06,gmail.com
C00879,Customer 00879,Corporate,2021-08-28,company.com
C00880,Customer 00880,Consumer,2022-01-20,outlook.com
C00881,Customer 00881,Home Office,2025-10-15,company.com
C00882,Customer 00882,Corporate,2023-05-16,outlook.com
C00883,Customer 00883,Consumer,2021-08-02,outlook.com
C00884,Customer 00884,Corporate,2020-01-12,outlook.com
C00885,Customer 00885,Home Office,2022-07-31,gmail.com
C00886,Customer 00886,Home Office,2025-12-01,company.com
C00887,Customer 00887,Corporate,2022-08-06,gmail.com
C00888,Customer 00888,Consumer,2024-03-13,company.com
C00889,Customer 00889,Corporate,2021-07-08,yahoo.com
C00890,Customer 00890,Corporate,2024-08-27,yahoo.com
C00891,Customer 00891,Corporate,2024-08-27,outlook.com
C00892,Customer 00892,Consumer,2023-08-26,outlook.com
C00893,Customer 00893,Corporate,2024-08-18,yahoo.com
C00894,Customer 00894,Corporate,2023-06-22,outlook.com
C00895,Customer 00895,Home Office,2022-04-09,outlook.com
C00896,Customer 00896,Corporate,2024-06-05,yahoo.com
C00897,Customer 00897,Corporate,2025-01-04,yahoo.com
C00898,Customer 00898,Corporate,2025-01-17,yahoo.com
C00899,Customer 00899,Consumer,2021-04-12,gmail.com
C00900,Customer 00900,Consumer,2024-01-23,yahoo.com
C00901,Customer 00901,Home Office,2020-01-10,gmail.com
C00902,Customer 00902,Home Office,2023-06-07,company.com
C00903,Customer 00903,Home Office,2023-06-05,yahoo.com
C00904,Customer 00904,Corporate,2022-03-07,company.com
C00905,Customer 00905,Consumer,2025-12-19,yahoo.com
C00906,Customer 00906,Home Office,2025-04-19,outlook.com
C00907,Customer 00907,Corporate,2020-03-25,outlook.com
C00908,Customer 00908,Consumer,2021-04-02,outlook.com
C00909,Customer 00909,Home Office,2021-03-31,outlook.com
C00910,Customer 00910,Home Office,2025-05-21,company.com
C00911,Customer 00911,Home Office,2023-02-11,outlook.com
C00912,Customer 00912,Consumer,2024-05-16,company.com
C00913,Customer 00913,Home Office,2024-11-10,outlook.com
C00914,Customer 00914,Corporate,2024-08-09,outlook.com
C00915,Customer 00915,Corporate,2020-07-14,gmail.com
C00916,Customer 00916,Home Office,2020-11-03,company.com
C00917,Customer 00917,Corporate,2022-05-16,yahoo.com
C00918,Customer 00918,Consumer,2022-01-11,yahoo.com
C00919,Customer 00919,Consumer,2024-06-25,outlook.com
C00920,Customer 00920,Corporate,2020-12-08,outlook.com
C00921,Customer 00921,Home Office,2022-03-25,company.com
C00922,Customer 00922,Home Office,2021-06-02,company.com
C00923,Customer 00923,Corporate,2021-02-17,gmail.com
C00924,Customer 00924,Home Office,2021-01-13,company.com
C00925,Customer 00925,Home Office,2021-03-04,gmail.com
C00926,Customer 00926,Corporate,2023-05-22,gmail.com
C00927,Customer 00927,Corporate,2022-06-17,company.com
C00928,Customer 00928,Home Office,2022-08-12,gmail.com
C00929,Customer 00929,Corporate,2022-11-16,outlook.com
C00930,Customer 00930,Consumer,2024-06-12,company.com
C00931,Customer 00931,Home Office,2025-03-04,company.com
C00932,Customer 00932,Corporate,2023-02-27,outlook.com
C00933,Customer 00933,Corporate,2023-11-08,gmail.com
C00934,Customer 00934,Home Office,2024-06-06,yahoo.com
C00935,Customer 00935,Home Office,2024-02-22,yahoo.com
C00936,Customer 00936,Consumer,2020-10-21,yahoo.com
C00937,Customer 00937,Corporate,2025-11-24,company.com
C00938,Customer 00938,Consumer,2020-12-27,outlook.com
C00939,Customer 00939,Corporate,2022-06-21,yahoo.com
C00940,Customer 00940,Corporate,2023-12-01,outlook.com
C00941,Customer 00941,Corporate,2022-06-03,gmail.com
C00942,Customer 00942,Home Office,2021-06-16,yahoo.com
C00943,Customer 00943,Corporate,2025-07-16,outlook.com
C00944,Customer 00944,Corporate,2020-06-05,yahoo.com
C00945,Customer 00945,Corporate,2021-06-22,outlook.com
C00946,Customer 00946,Consumer,2025-12-16,yahoo.com
C00947,Customer 00947,Consumer,2024-05-18,company.com
C00948,Customer 00948,Home Office,2020-07-09,outlook.com
C00949,Customer 00949,Consumer,2024-07-12,outlook.com
C00950,Customer 00950,Consumer,2025-10-26,yahoo.com
C00951,Customer 00951,Home Office,2020-08-02,gmail.com
C00952,Customer 00952,Consumer,2022-06-26,outlook.com
C00953,Customer 00953,Corporate,2022-10-23,outlook.com
C00954,Customer 00954,Home Office,2020-10-14,company.com
C00955,Customer 00955,Corporate,2021-03-15,outlook.com
C00956,Customer 00956,Consumer,2021-01-15,company.com
C00957,Customer 00957,Consumer,2021-02-10,outlook.com
C00958,Customer 00958,Home Office,2022-06-03,gmail.com
C00959,Customer 00959,Consumer,2022-10-13,gmail.com
C00960,Customer 00960,Home Office,2021-06-05,company.com
C00961,Customer 00961,Consumer,2021-09-26,outlook.com
C00962,Customer 00962,Consumer,2021-02-25,outlook.com
C00963,Customer 00963,Home Office,2024-10-10,company.com
C00964,Customer 00964,Home Office,2021-04-09,outlook.com
C00965,Customer 00965,Home Office,2025-06-12,outlook.com
C00966,Customer 00966,Home Office,2023-03-27,gmail.com
C00967,Customer 00967,Consumer,2024-10-25,outlook.com
C00968,Customer 00968,Home Office,2023-10-26,company.com
C00969,Customer 00969,Home Office,2021-08-06,company.com
C00970,Customer 00970,Consumer,2023-08-11,yahoo.com
C00971,Customer 00971,Consumer,2021-08-23,yahoo.com
C00972,Customer 00972,Home Office,2020-09-16,gmail.com
C00973,Customer 00973,Consumer,2021-07-12,outlook.com
C00974,Customer 00974,Home Office,2021-08-27,outlook.com
C00975,Customer 00975,Consumer,2020-10-23,company.com
C00976,Customer 00976,Consumer,2020-02-21,outlook.com
C00977,Customer 00977,Consumer,2025-08-30,yahoo.com
C00978,Customer 00978,Consumer,2023-01-30,outlook.com
C00979,Customer 00979,Home Office,2022-05-31,company.com
C00980,Customer 00980,Home Office,2025-07-31,gmail.com
C00981,Customer 00981,Home Office,2021-05-07,yahoo.com
C00982,Customer 00982,Home Office,2022-06-02,yahoo.com
C00983,Customer 00983,Consumer,2025-01-29,yahoo.com
C00984,Customer 00984,Home Office,2023-10-17,outlook.com
C00985,Customer 00985,Corporate,2022-05-25,gmail.com
C00986,Customer 00986,Corporate,2021-07-14,company.com
C00987,Customer 00987,Home Office,2020-03-17,outlook.com
C00988,Customer 00988,Home Office,2020-07-05,yahoo.com
C00989,Customer 00989,Home Office,2020-12-20,company.com
C00990,Customer 00990,Corporate,2024-09-20,company.com
C00991,Customer 00991,Corporate,2023-11-02,yahoo.com
C00992,Customer 00992,Home Office,2022-08-08,yahoo.com
C00993,Customer 00993,Consumer,2024-09-12,outlook.com
C00994,Customer 00994,Consumer,2020-12-18,gmail.com
C00995,Customer 00995,Corporate,2021-04-07,gmail.com
C00996,Customer 00996,Consumer,2022-05-10,outlook.com
C00997,Customer 00997,Consumer,2025-07-03,company.com
C00998,Customer 00998,Home Office,2023-09-08,gmail.com
C00999,Customer 00999,Home Office,2025-02-08,gmail.com
C01000,Customer 01000,Corporate,2021-06-27,company.com
C01001,Customer 01001,Corporate,2025-02-02,yahoo.com
C01002,Customer 01002,Corporate,2020-06-07,gmail.com
C01003,Customer 01003,Home Office,2021-05-14,company.com
C01004,Customer 01004,Corporate,2023-02-20,gmail.com
C01005,Customer 01005,Consumer,2020-04-20,company.com
C01006,Customer 01006,Corporate,2025-02-24,yahoo.com
C01007,Customer 01007,Corporate,2025-03-16,yahoo.com
C01008,Customer 01008,Home Office,2023-04-01,company.com
C01009,Customer 01009,Home Office,2021-11-01,company.com
C01010,Customer 01010,Home Office,2020-08-04,yahoo.com
C01011,Customer 01011,Corporate,2023-09-18,company.com
C01012,Customer 01012,Corporate,2023-03-24,outlook.com
C01013,Customer 01013,Corporate,2024-07-23,yahoo.com
C01014,Customer 01014,Consumer,2023-08-13,company.com
C01015,Customer 01015,Home Office,2020-10-08,yahoo.com
C01016,Customer 01016,Home Office,2020-09-23,company.com
C01017,Customer 01017,Home Office,2024-09-07,yahoo.com
C01018,Customer 01018,Consumer,2020-12-14,gmail.com
C01019,Customer 01019,Consumer,2025-08-19,gmail.com
C01020,Customer 01020,Home Office,2020-08-20,gmail.com
C01021,Customer 01021,Corporate,2024-05-15,company.com
C01022,Customer 01022,Home Office,2025-11-07,company.com
C01023,Customer 01023,Corporate,2022-08-25,gmail.com
C01024,Customer 01024,Corporate,2020-05-04,gmail.com
C01025,Customer 01025,Corporate,2025-04-05,yahoo.com
C01026,Customer 01026,Home Office,2021-02-14,yahoo.com
C01027,Customer 01027,Corporate,2023-03-02,company.com
C01028,Customer 01028,Home Office,2025-11-28,outlook.com
C01029,Customer 01029,Consumer,2024-06-20,outlook.com
C01030,Customer 01030,Corporate,2020-04-11,gmail.com
C01031,Customer 01031,Home Office,2024-12-03,gmail.com
C01032,Customer 01032,Home Office,2020-12-19,yahoo.com
C01033,Customer 01033,Home Office,2024-06-30,outlook.com
C01034,Customer 01034,Consumer,2023-09-23,company.com
C01035,Customer 01035,Home Office,2021-09-22,company.com
C01036,Customer 01036,Home Office,2022-07-17,outlook.com
C01037,Customer 01037,Home Office,2020-09-15,gmail.com
C01038,Customer 01038,Consumer,2025-12-03,company.com
C01039,Customer 01039,Home Office,2021-06-06,gmail.com
C01040,Customer 01040,Home Office,2021-11-07,outlook.com
C01041,Customer 01041,Home Office,2023-01-07,yahoo.com
C01042,Customer 01042,Consumer,2024-01-13,company.com
C01043,Customer 01043,Home Office,2023-01-12,yahoo.com
C01044,Customer 01044,Consumer,2023-01-12,gmail.com
C01045,Customer 01045,Corporate,2023-07-01,gmail.com
C01046,Customer 01046,Corporate,2025-02-23,outlook.com
C01047,Customer 01047,Corporate,2022-05-16,outlook.com
C01048,Customer 01048,Home Office,2024-12-29,gmail.com
C01049,Customer 01049,Consumer,2024-09-20,yahoo.com
C01050,Customer 01050,Corporate,2025-10-07,gmail.com
C01051,Customer 01051,Corporate,2025-06-24,company.com
C01052,Customer 01052,Corporate,2024-10-15,company.com
C01053,Customer 01053,Consumer,2021-06-24,company.com
C01054,Customer 01054,Consumer,2024-08-24,gmail.com
C01055,Customer 01055,Consumer,2024-06-02,outlook.com
C01056,Customer 01056,Corporate,2021-09-26,company.com
C01057,Customer 01057,Corporate,2024-01-26,outlook.com
C01058,Customer 01058,Corporate,2021-07-08,company.com
C01059,Customer 01059,Corporate,2023-02-20,gmail.com
C01060,Customer 01060,Consumer,2024-10-12,gmail.com
C01061,Customer 01061,Consumer,2021-02-17,company.com
C01062,Customer 01062,Corporate,2022-01-08,company.com
C01063,Customer 01063,Home Office,2024-10-09,gmail.com
C01064,Customer 01064,Consumer,2022-09-21,yahoo.com
C01065,Customer 01065,Home Office,2025-10-06,gmail.com
C01066,Customer 01066,Corporate,2020-01-18,yahoo.com
C01067,Customer 01067,Consumer,2024-05-01,company.com
C01068,Customer 01068,Corporate,2024-11-19,yahoo.com
C01069,Customer 01069,Consumer,2025-07-04,yahoo.com
C01070,Customer 01070,Consumer,2020-12-09,outlook.com
C01071,Customer 01071,Corporate,2025-11-27,yahoo.com
C01072,Customer 01072,Corporate,2022-05-09,gmail.com
C01073,Customer 01073,Home Office,2022-02-10,outlook.com
C01074,Customer 01074,Consumer,2022-02-18,gmail.com
C01075,Customer 01075,Home Office,2023-10-30,outlook.com
C01076,Customer 01076,Consumer,2023-12-16,yahoo.com
C01077,Customer 01077,Consumer,2022-11-04,outlook.com
C01078,Customer 01078,Home Office,2020-06-04,gmail.com
C01079,Customer 01079,Home Office,2025-12-02,outlook.com
C01080,Customer 01080,Corporate,2021-05-01,yahoo.com
C01081,Customer 01081,Consumer,2020-07-24,company.com
C01082,Customer 01082,Consumer,2023-08-02,company.com
C01083,Customer 01083,Corporate,2022-06-22,outlook.com
C01084,Customer 01084,Corporate,2023-09-11,outlook.com
C01085,Customer 01085,Home Office,2025-04-03,company.com
C01086,Customer 01086,Consumer,2020-08-01,company.com
C01087,Customer 01087,Consumer,2021-09-14,yahoo.com
C01088,Customer 01088,Home Office,2023-02-06,company.com
C01089,Customer 01089,Consumer,2024-09-22,yahoo.com
C01090,Customer 01090,Consumer,2023-08-09,yahoo.com
C01091,Customer 01091,Corporate,2022-04-19,gmail.com
C01092,Customer 01092,Corporate,2023-08-30,outlook.com
C01093,Customer 01093,Corporate,2025-11-18,outlook.com
C01094,Customer 01094,Home Office,2022-11-18,gmail.com
C01095,Customer 01095,Home Office,2025-04-20,gmail.com
C01096,Customer 01096,Consumer,2024-09-05,yahoo.com
C01097,Customer 01097,Home Office,2021-10-22,outlook.com
C01098,Customer 01098,Corporate,2021-06-30,gmail.com
C01099,Customer 01099,Consumer,2024-08-15,outlook.com
C01100,Customer 01100,Home Office,2021-03-30,outlook.com
C01101,Customer 01101,Consumer,2022-01-08,gmail.com
C01102,Customer 01102,Corporate,2021-05-30,gmail.com
C01103,Customer 01103,Home Office,2023-08-22,yahoo.com
C01104,Customer 01104,Consumer,2021-10-06,yahoo.com
C01105,Customer 01105,Consumer,2023-12-14,outlook.com
C01106,Customer 01106,Corporate,2025-08-11,company.com
C01107,Customer 01107,Home Office,2024-12-23,yahoo.com
C01108,Customer 01108,Consumer,2025-09-08,yahoo.com
C01109,Customer 01109,Corporate,2020-02-23,gmail.com
C01110,Customer 01110,Corporate,2022-09-25,yahoo.com
C01111,Customer 01111,Consumer,2021-04-27,gmail.com
C01112,Customer 01112,Home Office,2025-07-04,gmail.com
C01113,Customer 01113,Home Office,2024-04-09,outlook.com
C01114,Customer 01114,Corporate,2021-12-02,company.com
C01115,Customer 01115,Consumer,2023-05-20,gmail.com
C01116,Customer 01116,Consumer,2023-08-20,outlook.com
C01117,Customer 01117,Corporate,2022-12-22,outlook.com
C01118,Customer 01118,Corporate,2022-11-05,outlook.com
C01119,Customer 01119,Corporate,2020-05-01,yahoo.com
C01120,Customer 01120,Consumer,2022-09-18,outlook.com
C01121,Customer 01121,Corporate,2022-02-02,gmail.com
C01122,Customer 01122,Consumer,2024-11-28,gmail.com
C01123,Customer 01123,Home Office,2025-03-11,gmail.com
C01124,Customer 01124,Home Office,2024-07-02,gmail.com
C01125,Customer 01125,Corporate,2020-03-08,company.com
C01126,Customer 01126,Consumer,2025-01-17,outlook.com
C01127,Customer 01127,Home Office,2022-05-18,outlook.com
C01128,Customer 01128,Consumer,2022-07-01,yahoo.com
C01129,Customer 01129,Home Office,2025-09-02,company.com
C01130,Customer 01130,Consumer,2025-03-16,gmail.com
C01131,Customer 01131,Corporate,2020-04-21,outlook.com
C01132,Customer 01132,Consumer,2022-02-27,outlook.com
C01133,Customer 01133,Consumer,2024-07-01,yahoo.com
C01134,Customer 01134,Home Office,2023-03-27,outlook.com
C01135,Customer 01135,Home Office,2021-07-18,gmail.com
C01136,Customer 01136,Consumer,2023-02-24,company.com
C01137,Customer 01137,Home Office,2025-03-14,outlook.com
C01138,Customer 01138,Consumer,2021-05-04,gmail.com
C01139,Customer 01139,Consumer,2024-06-23,company.com
C01140,Customer 01140,Consumer,2024-05-29,gmail.com
C01141,Customer 01141,Corporate,2025-04-25,yahoo.com
C01142,Customer 01142,Consumer,2021-10-15,yahoo.com
C01143,Customer 01143,Corporate,2021-04-18,outlook.com
C01144,Customer 01144,Consumer,2023-04-15,company.com
C01145,Customer 01145,Consumer,2023-03-10,company.com
C01146,Customer 01146,Corporate,2022-06-16,company.com
C01147,Customer 01147,Home Office,2024-09-04,gmail.com
C01148,Customer 01148,Home Office,2024-10-17,outlook.com
C01149,Customer 01149,Corporate,2021-06-22,gmail.com
C01150,Customer 01150,Consumer,2024-10-09,company.com
C01151,Customer 01151,Home Office,2021-05-20,gmail.com
C01152,Customer 01152,Home Office,2022-06-12,company.com
C01153,Customer 01153,Home Office,2020-02-29,company.com
C01154,Customer 01154,Home Office,2022-01-16,yahoo.com
C01155,Customer 01155,Home Office,2025-10-02,outlook.com
C01156,Customer 01156,Home Office,2022-08-28,gmail.com
C01157,Customer 01157,Corporate,2024-04-05,company.com
C01158,Customer 01158,Corporate,2020-08-24,gmail.com
C01159,Customer 01159,Consumer,2023-10-25,gmail.com
C01160,Customer 01160,Consumer,2022-03-25,yahoo.com
C01161,Customer 01161,Home Office,2024-06-18,yahoo.com
C01162,Customer 01162,Home Office,2025-07-27,company.com
C01163,Customer 01163,Home Office,2023-03-11,yahoo.com
C01164,Customer 01164,Consumer,2020-08-13,gmail.com
C01165,Customer 01165,Corporate,2022-11-09,gmail.com
C01166,Customer 01166,Consumer,2020-09-26,outlook.com
C01167,Customer 01167,Home Office,2022-09-12,gmail.com
C01168,Customer 01168,Consumer,2020-05-14,yahoo.com
C01169,Customer 01169,Consumer,2023-11-04,gmail.com
C01170,Customer 01170,Corporate,2021-11-11,company.com
C01171,Customer 01171,Home Office,2021-03-17,yahoo.com
C01172,Customer 01172,Home Office,2020-02-07,company.com
C01173,Customer 01173,Consumer,2025-04-30,gmail.com
C01174,Customer 01174,Consumer,2025-01-09,outlook.com
C01175,Customer 01175,Consumer,2024-11-14,company.com
C01176,Customer 01176,Consumer,2020-05-07,yahoo.com
C01177,Customer 01177,Corporate,2022-02-05,outlook.com
C01178,Customer 01178,Consumer,2025-10-30,outlook.com
C01179,Customer 01179,Consumer,2023-06-22,yahoo.com
C01180,Customer 01180,Corporate,2020-10-08,yahoo.com
C01181,Customer 01181,Consumer,2020-11-05,outlook.com
C01182,Customer 01182,Consumer,2021-07-30,gmail.com
C01183,Customer 01183,Consumer,2025-11-01,company.com
C01184,Customer 01184,Consumer,2021-01-06,yahoo.com
C01185,Customer 01185,Corporate,2025-06-02,yahoo.com
C01186,Customer 01186,Home Office,2024-01-26,outlook.com
C01187,Customer 01187,Home Office,2025-07-13,gmail.com
C01188,Customer 01188,Consumer,2024-12-15,company.com
C01189,Customer 01189,Consumer,2021-12-29,yahoo.com
C01190,Customer 01190,Corporate,2024-12-19,yahoo.com
C01191,Customer 01191,Corporate,2021-01-05,gmail.com
C01192,Customer 01192,Home Office,2021-09-29,outlook.com
C01193,Customer 01193,Home Office,2021-04-09,outlook.com
C01194,Customer 01194,Corporate,2020-10-18,gmail.com
C01195,Customer 01195,Consumer,2020-07-16,yahoo.com
C01196,Customer 01196,Consumer,2021-02-14,gmail.com
C01197,Customer 01197,Consumer,2020-09-20,company.com
C01198,Customer 01198,Consumer,2022-04-13,yahoo.com
C01199,Customer 01199,Home Office,2020-06-05,company.com
C01200,Customer 01200,Consumer,2020-05-14,yahoo.com
